"channel","revenue"
"Retail","360666660.2582265"
"Distributor","356542087.49735034"
"Online","359761201.52226865"
