"product_name","revenue"
"Southern","9410960.318343641"
"Last","6529442.592976655"
"Once","6508355.521528547"
"Worry","6453075.670945458"
"Various","6362120.5627406305"
"Spring","6120496.820374725"
"Specific","5965410.646545871"
"Send","5413877.977966389"
"Point","5312325.931895439"
"Serious","5256338.292027833"
